{
  "info": {
    "name": "Manager Dashboard API",
    "_postman_id": "d1b1c1a7-0abc-4af8-8b11-aaaaaaaaaaaa",
    "schema": "https://schema.getpostman.com/json/collection/v2.1.0/collection.json"
  },
  "variable": [
    {
      "key": "BASE_URL",
      "value": "http://localhost:3000"
    }
  ],
  "item": [
    {
      "name": "Overview",
      "request": {
        "method": "GET",
        "url": {
          "raw": "{{BASE_URL}}/api/manager/overview?days=30",
          "host": [
            "{{BASE_URL}}"
          ],
          "path": [
            "api",
            "manager",
            "overview"
          ],
          "query": [
            {
              "key": "days",
              "value": "30"
            }
          ]
        }
      }
    },
    {
      "name": "Project Metrics",
      "request": {
        "method": "GET",
        "url": {
          "raw": "{{BASE_URL}}/api/manager/projects/:projectId/metrics?days=30",
          "host": [
            "{{BASE_URL}}"
          ],
          "path": [
            "api",
            "manager",
            "projects",
            ":projectId",
            "metrics"
          ],
          "query": [
            {
              "key": "days",
              "value": "30"
            }
          ]
        }
      }
    },
    {
      "name": "Export CSV",
      "request": {
        "method": "GET",
        "url": {
          "raw": "{{BASE_URL}}/api/manager/export.csv?days=30",
          "host": [
            "{{BASE_URL}}"
          ],
          "path": [
            "api",
            "manager",
            "export.csv"
          ],
          "query": [
            {
              "key": "days",
              "value": "30"
            }
          ]
        }
      }
    }
  ]
}